{"mrr/train_bi-encoder_mrr": 0.5444108843803406, "acc/train_bi-encoder_accuracy": 0.40098801255226135, "recall/train_bi-encoder_recall@4": 0.6891948580741882, "_timestamp": 1677079340.3283114, "_runtime": 8.956706523895264, "_step": 0, "_wandb": {"runtime": 9}}