{"mrr/train_bi-encoder_mrr": 0.5434197783470154, "acc/train_bi-encoder_accuracy": 0.3983147144317627, "recall/train_bi-encoder_recall@4": 0.6888291239738464, "_timestamp": 1677082711.2493024, "_runtime": 58.2579402923584, "_step": 0}